video_file_name,group_emotion_pred,group_emotion_category_pred,class_emotion_pred,class_valence_pred,class_arousal_pred,event_emotion_pred,event_pred,group_emotion_true,group_emotion_category_true,class_emotion_true,class_valence_true,class_arousal_true,event_emotion_true,event_true
325_48,8,1,8,0.64074737,0.6001074,0,0,1,0,1,0.52323633,0.5293725,0,0
325_36,8,1,8,0.63627964,0.56207466,0,0,1,0,1,0.47985107,0.5413976,0,0
150_1,8,1,8,0.6214688,0.63318545,0,0,8,0,8,0.46870345,0.46130013,1,2
325_6,8,1,8,0.66400725,0.58974785,0,0,8,0,8,0.5706651,0.54792106,0,0
212_11,8,1,8,0.6620586,0.6055776,0,0,2,0,2,0.4955334,0.59650654,5,6
150_4,8,1,8,0.6401383,0.64120895,0,0,8,0,8,0.4736764,0.49472022,1,2
86_39,8,1,8,0.60954607,0.61438257,0,0,8,0,8,0.43079096,0.5112867,0,9
179_2,8,1,8,0.59043795,0.58519644,0,0,8,0,8,0.46197265,0.3982495,0,4
325_7,8,1,8,0.6203613,0.5870637,0,0,4,0,4,0.46291655,0.5998639,0,0
5_12,8,1,8,0.5838585,0.60113674,0,0,8,0,8,0.4398964,0.480205,5,6
305_2,8,1,8,0.61851716,0.6193799,0,0,8,0,8,0.48677564,0.5762742,5,6
86_10,8,1,8,0.63491267,0.603676,0,0,8,0,8,0.52841085,0.5066563,0,9
55_5,8,1,8,0.6349102,0.63329965,0,0,5,0,5,0.45866662,0.5232219,0,8
289_37,8,1,8,0.6217587,0.61402917,0,0,8,0,8,0.47991747,0.5183321,9,7
308_8,8,1,8,0.62169,0.59062994,0,0,2,0,2,0.4802305,0.44223636,9,7
55_3,8,1,8,0.586213,0.63821226,0,0,8,0,8,0.4691435,0.5092587,0,8
1_1,8,1,8,0.625129,0.58775383,0,0,8,0,8,0.527415,0.483887,0,9
157_14,8,1,8,0.65388596,0.6026401,0,0,8,0,8,0.4556716,0.5143877,0,0
294_7,8,1,8,0.61797565,0.5883046,0,0,8,0,8,0.53087336,0.5690556,9,7
325_5,8,1,8,0.6576173,0.5830534,0,0,8,0,8,0.48883873,0.474679,0,0
289_21,8,1,8,0.64653295,0.59464914,0,0,8,0,8,0.45704854,0.48866656,9,7
179_5,8,1,8,0.58852804,0.61051625,0,0,8,0,8,0.52418435,0.52221835,0,4
289_27,8,1,8,0.63932693,0.6275644,0,0,8,0,8,0.47072905,0.47509426,9,7
298_49,8,1,8,0.66454357,0.6197746,0,0,1,0,1,0.41517517,0.5874094,9,7
237_5,8,1,8,0.6149173,0.6100642,0,0,8,0,8,0.42316493,0.5400861,5,6
70_21,8,1,8,0.6342009,0.5981384,0,0,8,0,8,0.41495407,0.435901,0,8
306_7,8,1,8,0.5680739,0.6053619,0,0,8,0,8,0.43834236,0.5241231,0,0
45_5,8,1,8,0.6401765,0.5652326,0,0,2,0,2,0.51357967,0.49617347,0,8
86_36,8,1,8,0.6292454,0.54714125,0,0,8,0,8,0.42219585,0.50870633,0,9
294_35,8,1,8,0.59515023,0.59804875,0,0,8,0,8,0.55045354,0.59583855,9,7
308_1,8,1,8,0.6534789,0.5985914,0,0,8,0,8,0.44678926,0.47140434,9,7
54_18,8,1,8,0.62551874,0.6121404,0,0,8,0,8,0.40865108,0.412094,0,5
190_6,8,1,8,0.6380773,0.57785535,0,0,8,0,8,0.48511797,0.5434419,0,0
294_42,8,1,8,0.6467043,0.5806057,0,0,1,0,1,0.43018538,0.5445795,9,7
55_18,8,1,8,0.60333323,0.6511046,0,0,5,0,5,0.50541216,0.5219911,0,8
294_10,8,1,8,0.60911626,0.6137831,0,0,8,0,8,0.52368546,0.5408557,9,7
54_11,8,1,8,0.639314,0.60981315,0,0,8,0,8,0.40950045,0.49262387,0,5
289_22,8,1,8,0.6384437,0.6046775,0,0,8,0,8,0.45459417,0.5002334,9,7
294_22,8,1,8,0.64693606,0.5988797,0,0,8,0,8,0.4650291,0.5552517,9,7
159_9,8,1,8,0.6061027,0.62360114,0,0,8,0,8,0.49752814,0.36553967,0,0
289_63,8,1,8,0.63455075,0.6130817,0,0,8,0,8,0.45808282,0.47450018,9,7
190_12,8,1,8,0.6376732,0.60331315,0,0,8,0,8,0.5006636,0.5813471,0,0
289_44,8,1,8,0.62557906,0.59761256,0,0,8,0,8,0.5321554,0.5535724,9,7
44_15,8,1,8,0.6288424,0.62638414,0,0,8,0,8,0.49537748,0.3916393,0,4
209_14,8,1,8,0.5981687,0.6245664,0,0,8,0,8,0.5464096,0.5271619,0,1
86_40,8,1,8,0.6272154,0.5825978,0,0,8,0,8,0.52265054,0.48351604,0,9
325_18,8,1,8,0.6135381,0.5734741,0,0,1,0,1,0.43538606,0.5407296,0,0
162_3,8,1,8,0.59556234,0.6509798,0,0,1,0,1,0.4227804,0.6133675,0,0
53_48,8,1,8,0.6155645,0.62221855,0,0,8,0,8,0.4584124,0.44042015,0,8
152_4,8,1,8,0.5890357,0.6106927,0,0,8,0,8,0.5499172,0.49655953,1,2
298_35,8,1,8,0.6390612,0.65274936,0,0,1,0,1,0.5292598,0.5858772,9,7
306_19,8,1,8,0.67071456,0.61328477,0,0,8,0,8,0.44906387,0.52752095,0,0
11_10,8,1,8,0.65791553,0.5985461,0,0,8,0,8,0.43076062,0.43433046,0,8
212_9,8,1,8,0.6335947,0.6321214,0,0,8,0,8,0.47736835,0.57227814,5,6
325_45,8,1,8,0.61164975,0.618958,0,0,1,0,1,0.3943084,0.5224978,0,0
323_2,8,1,8,0.6416261,0.6033087,0,0,8,0,8,0.58863175,0.40364212,1,2
53_13,8,1,8,0.6138622,0.5840406,0,0,2,0,2,0.54451084,0.5288056,0,8
86_30,8,1,8,0.63286984,0.5985777,0,0,8,0,8,0.5080153,0.49474078,0,9
294_48,8,1,8,0.66538644,0.6146131,0,0,8,0,8,0.47029233,0.46020007,9,7
294_45,8,1,8,0.6497159,0.5935703,0,0,2,0,2,0.59205186,0.49756616,9,7
125_8,8,1,8,0.64604414,0.64651793,0,0,4,0,4,0.53299177,0.6034513,0,5
209_7,8,1,8,0.636215,0.6380097,0,0,8,0,8,0.48577666,0.50807667,0,1
45_1,8,1,8,0.58114994,0.6084213,0,0,8,0,8,0.4397171,0.4664302,0,8
86_5,8,1,8,0.62493527,0.5895241,0,0,8,0,8,0.45530626,0.511488,0,9
31_2,8,1,8,0.6839523,0.58060044,0,0,8,0,8,0.53735775,0.3964276,9,7
308_4,8,1,8,0.65718997,0.60956997,0,0,8,0,8,0.4806558,0.5263469,9,7
55_25,8,1,8,0.5982539,0.6360468,0,0,8,0,8,0.42679867,0.52457297,0,8
320_6,8,1,8,0.5919304,0.5951056,0,0,8,0,8,0.45901433,0.4853087,1,2
298_15,8,1,8,0.63263655,0.6153988,0,0,5,0,5,0.35,0.528501,9,7
53_25,8,1,8,0.6155448,0.6021722,0,0,5,0,5,0.51074684,0.51986146,0,8
83_1,8,1,8,0.5861222,0.59224683,0,0,8,0,8,0.44888008,0.48223692,5,6
314_5,8,1,8,0.6582936,0.6137523,0,0,8,0,8,0.46604753,0.50635904,5,3
131_3,8,1,8,0.6308306,0.5537642,0,0,8,0,8,0.528558,0.47939295,0,5
53_45,8,1,8,0.6246225,0.61468023,0,0,8,0,8,0.41103426,0.4683271,0,8
125_6,8,1,8,0.6206666,0.6227048,0,0,8,0,8,0.4322337,0.46579772,0,5
70_25,8,1,8,0.6218268,0.62844604,0,0,2,0,2,0.51341,0.52478266,0,8
306_3,8,1,8,0.57237715,0.6074648,0,0,1,0,1,0.42973852,0.51660174,0,0
212_6,8,1,8,0.6401915,0.6205129,0,0,2,0,2,0.5332739,0.55143756,5,6
53_41,8,1,8,0.6534506,0.59810835,0,0,8,0,8,0.4836095,0.6001224,0,8
44_17,8,1,8,0.6074492,0.58191437,0,0,2,0,2,0.56767267,0.4469644,0,4
298_47,8,1,8,0.6530996,0.6003452,0,0,8,0,8,0.43234548,0.43250993,9,7
289_24,8,1,8,0.63360983,0.5694526,0,0,8,0,8,0.4750128,0.4088488,9,7
45_8,8,1,8,0.5616216,0.6118836,0,0,8,0,8,0.39595854,0.47714055,0,8
289_32,8,1,8,0.64045215,0.61766696,0,0,2,0,2,0.54182625,0.5437375,9,7
11_9,8,1,8,0.62069273,0.598919,0,0,8,0,8,0.43319112,0.52434295,0,8
298_55,8,1,8,0.6522045,0.5830037,0,0,8,0,8,0.52096796,0.5345432,9,7
306_20,8,1,8,0.6620092,0.57018733,0,0,1,0,1,0.45027488,0.52700764,0,0
306_1,8,1,8,0.6601367,0.63555914,0,0,8,0,8,0.44183636,0.49554324,0,0
11_4,8,1,8,0.65004426,0.5972989,0,0,2,0,2,0.47603604,0.49603674,0,8
81_14,8,1,8,0.666855,0.6333191,0,0,8,0,8,0.44066793,0.51985466,5,6
70_4,8,1,8,0.6109272,0.65592164,0,0,2,0,2,0.5354439,0.5839074,0,8
289_49,8,1,8,0.6714107,0.62194985,0,0,8,0,8,0.45219663,0.44547048,9,7
44_1,8,1,8,0.6142368,0.6145689,0,0,8,0,8,0.4358267,0.5283864,0,4
298_48,8,1,8,0.64589405,0.5789041,0,0,8,0,8,0.3989311,0.4743061,9,7
86_38,8,1,8,0.6146853,0.58247775,0,0,8,0,8,0.3961778,0.474954,0,9
237_2,8,1,8,0.6129573,0.62372106,0,0,8,0,8,0.48676872,0.5465215,5,6
289_1,8,1,8,0.6244828,0.59415936,0,0,1,0,1,0.40000862,0.56849,9,7
306_6,8,1,8,0.5768305,0.6083375,0,0,8,0,8,0.45876774,0.4551879,0,0
53_20,8,1,8,0.6284915,0.65438724,0,0,8,0,8,0.5262021,0.4460039,0,8
154_4,8,1,8,0.6083556,0.6234096,0,0,8,0,8,0.5442642,0.56647956,1,2
70_30,8,1,8,0.62136245,0.637175,0,0,2,0,2,0.4732967,0.5098899,0,8
115_5,8,1,8,0.64316565,0.62347394,0,0,8,0,8,0.46927652,0.5237173,1,2
274_2,8,1,8,0.629468,0.6217168,0,0,8,0,8,0.4655271,0.5646746,5,6
70_9,8,1,8,0.6095753,0.6024181,0,0,2,0,2,0.49619526,0.4821268,0,8
145_1,8,1,8,0.60810786,0.6089471,0,0,8,0,8,0.4512498,0.6189383,0,4
5_15,8,1,8,0.59013534,0.57700825,0,0,8,0,8,0.42438972,0.44321573,5,6
342_1,8,1,8,0.5612224,0.6084004,0,0,8,0,8,0.53301835,0.60624695,0,1
323_1,8,1,8,0.65833795,0.6178071,0,0,8,0,8,0.49530184,0.48333013,1,2
190_14,8,1,8,0.56013036,0.6149234,0,0,8,0,8,0.49185082,0.64444363,0,0
289_59,8,1,8,0.65058845,0.6275075,0,0,2,0,2,0.5191064,0.4854347,9,7
325_1,8,1,8,0.62672424,0.61678106,0,0,8,0,8,0.4290702,0.5760699,0,0
289_19,8,1,8,0.6396469,0.61041516,0,0,8,0,8,0.5267357,0.5479376,9,7
222_7,8,1,8,0.6329254,0.610882,0,0,8,0,8,0.4661306,0.49514678,0,4
27_21,8,1,8,0.56282115,0.6137578,0,0,2,0,2,0.5859086,0.43916965,0,5
289_29,8,1,8,0.61848927,0.61943346,0,0,8,0,8,0.45896742,0.50478935,9,7
289_47,8,1,8,0.6590751,0.6091163,0,0,8,0,8,0.5202356,0.49613327,9,7
237_3,8,1,8,0.62946594,0.598075,0,0,8,0,8,0.39783922,0.5604963,5,6
55_2,8,1,8,0.6254704,0.62988824,0,0,8,0,8,0.4952081,0.5383658,0,8
5_11,8,1,8,0.6497333,0.593463,0,0,8,0,8,0.522304,0.4497024,5,6
298_4,8,1,8,0.6465163,0.60547656,0,0,1,0,1,0.44702548,0.5768669,9,7
289_42,8,1,8,0.66508055,0.5838191,0,0,8,0,8,0.4199118,0.49131,9,7
332_3,8,1,8,0.61660194,0.62579894,0,0,8,0,8,0.42336926,0.542527,1,2
298_38,8,1,8,0.62487197,0.619176,0,0,3,0,3,0.427357,0.567739,9,7
115_1,8,1,8,0.6561918,0.6367906,0,0,8,0,8,0.5267082,0.48485428,1,2
104_3,8,1,8,0.6081704,0.58732957,0,0,5,0,5,0.37113827,0.5195824,0,5
284_1,8,1,8,0.64529955,0.6294271,0,0,8,0,8,0.4532912,0.48502204,9,7
320_10,8,1,8,0.60952985,0.6184827,0,0,1,0,1,0.44668022,0.44523913,1,2
55_14,8,1,8,0.6350365,0.6597567,0,0,8,0,8,0.45200878,0.54864436,0,8
335_2,8,1,8,0.6293212,0.601669,0,0,1,0,1,0.49666512,0.49307835,0,5
5_13,8,1,8,0.61955297,0.6215009,0,0,8,0,8,0.5468639,0.43101972,5,6
294_11,8,1,8,0.637145,0.5923375,0,0,8,0,8,0.46868455,0.5531279,9,7
15_4,8,1,8,0.6240883,0.6296598,0,0,8,0,8,0.46652517,0.46809822,0,8
320_8,8,1,8,0.61932516,0.62438816,0,0,8,0,8,0.47516942,0.46250904,1,2
15_3,8,1,8,0.60851085,0.62379056,0,0,8,0,8,0.40906984,0.5428128,0,8
298_14,8,1,8,0.65539753,0.57327086,0,0,3,0,3,0.47203708,0.46431345,9,7
289_43,8,1,8,0.6229895,0.6038767,0,0,8,0,8,0.4794624,0.55167943,9,7
320_2,8,1,8,0.61878324,0.6089273,0,0,1,0,1,0.45010105,0.5240724,1,2
55_15,8,1,8,0.6484947,0.6076364,0,0,5,0,5,0.50910544,0.54231185,0,8
251_5,8,1,8,0.60581326,0.6125701,0,0,8,0,8,0.47028047,0.5590977,5,6
53_22,8,1,8,0.5993377,0.5947965,0,0,2,0,2,0.45158684,0.52027106,0,8
70_6,8,1,8,0.56031346,0.6172871,0,0,2,0,2,0.46123645,0.545677,0,8
289_52,8,1,8,0.6053273,0.59292525,0,0,8,0,8,0.4791934,0.42366153,9,7
157_9,8,1,8,0.6364045,0.6043912,0,0,8,0,8,0.38044345,0.4558321,0,0
289_23,8,1,8,0.61606425,0.6051977,0,0,2,0,2,0.5112885,0.50934404,9,7
320_16,8,1,8,0.63553,0.59773767,0,0,1,0,1,0.3870709,0.44577408,1,2
181_9,8,1,8,0.5543045,0.61344177,0,0,3,0,3,0.39398843,0.4245684,0,0
81_4,8,1,8,0.6559308,0.60936046,0,0,8,0,8,0.5236688,0.4927492,5,6
298_44,8,1,8,0.65535456,0.5911636,0,0,5,0,5,0.46464753,0.46825758,9,7
53_37,8,1,8,0.64291173,0.6058095,0,0,8,0,8,0.48502138,0.50644004,0,8
86_58,8,1,8,0.6075608,0.61060554,0,0,8,0,8,0.55357784,0.50836086,0,9
308_2,8,1,8,0.6386558,0.56335384,0,0,1,0,1,0.42945734,0.5239749,9,7
305_1,8,1,8,0.6158607,0.62923294,0,0,8,0,8,0.45939082,0.42802048,5,6
53_8,8,1,8,0.6352746,0.5908324,0,0,2,0,2,0.5812355,0.47408605,0,8
27_13,8,1,8,0.5820919,0.6310032,0,0,1,0,1,0.39138007,0.5299348,0,5
333_1,8,1,8,0.61424476,0.6036363,0,0,8,0,8,0.42150956,0.4295106,1,2
289_46,8,1,8,0.6282629,0.6279325,0,0,8,0,8,0.50433075,0.42613113,9,7
237_1,8,1,8,0.6346184,0.5843176,0,0,8,0,8,0.45442647,0.57317585,5,6
53_28,8,1,8,0.59160745,0.6044747,0,0,2,0,2,0.4849414,0.46405315,0,8
143_1,8,1,8,0.6354011,0.60776585,0,0,8,0,8,0.5088467,0.4884612,0,5
298_16,8,1,8,0.64057314,0.6093722,0,0,8,0,8,0.40392116,0.5114368,9,7
294_27,8,1,8,0.6635386,0.62836844,0,0,3,0,3,0.39413974,0.49842125,9,7
298_9,8,1,8,0.66082734,0.63036865,0,0,8,0,8,0.45885813,0.537207,9,7
54_9,8,1,8,0.5926246,0.6201686,0,0,8,0,8,0.49695426,0.5313734,0,5
284_7,8,1,8,0.62933356,0.6274064,0,0,2,0,2,0.5906065,0.46007395,9,7
289_67,8,1,8,0.65311134,0.62860566,0,0,8,0,8,0.4409362,0.5947971,9,7
325_52,8,1,8,0.6268294,0.6220421,0,0,1,0,1,0.49399924,0.5418221,0,0
209_5,8,1,8,0.6525203,0.6076452,0,0,8,0,8,0.4532556,0.54426193,0,1
294_8,8,1,8,0.6425284,0.58978397,0,0,8,0,8,0.45576742,0.56809855,9,7
53_21,8,1,8,0.6049876,0.60215026,0,0,2,0,2,0.5475929,0.42633104,0,8
100_1,8,1,8,0.6117617,0.6239101,0,0,8,0,8,0.5370805,0.56163096,0,1
323_4,8,1,8,0.6416749,0.6238268,0,0,8,0,8,0.5100526,0.57409847,1,2
15_5,8,1,8,0.6341144,0.6311038,0,0,2,0,2,0.5463439,0.4784972,0,8
159_4,8,1,8,0.6154554,0.6289425,0,0,8,0,8,0.44064116,0.51960766,0,0
298_43,8,1,8,0.6227555,0.5780094,0,0,8,0,8,0.452707,0.43344703,9,7
289_45,8,1,8,0.6500622,0.62040645,0,0,8,0,8,0.4658444,0.47700655,9,7
289_50,8,1,8,0.6944446,0.6355079,0,0,8,0,8,0.4989726,0.4676778,9,7
115_10,8,1,8,0.62823206,0.59728616,0,0,8,0,8,0.478888,0.50922954,1,2
289_30,8,1,8,0.63913476,0.60198563,0,0,8,0,8,0.41572255,0.49698365,9,7
298_13,8,1,8,0.65983105,0.5831593,0,0,5,0,5,0.46718654,0.49510884,9,7
159_6,8,1,8,0.60287386,0.6308046,0,0,8,0,8,0.4624334,0.5016125,0,0
298_8,8,1,8,0.6471955,0.62396103,0,0,8,0,8,0.42109737,0.51880026,9,7
284_8,8,1,8,0.60041445,0.62166476,0,0,2,0,2,0.5511493,0.5745257,9,7
289_3,8,1,8,0.64648587,0.57398087,0,0,1,0,1,0.40424347,0.49359122,9,7
53_26,8,1,8,0.6211816,0.6236227,0,0,2,0,2,0.47545376,0.50121653,0,8
325_30,8,1,8,0.630884,0.58476186,0,0,1,0,1,0.4496984,0.4837681,0,0
44_2,8,1,8,0.6271864,0.62366855,0,0,2,0,2,0.576845,0.54129785,0,4
81_25,8,1,8,0.6329763,0.6073552,0,0,8,0,8,0.47059548,0.58412814,5,6
44_11,8,1,8,0.63823265,0.65211815,0,0,8,0,8,0.49432087,0.46533138,0,4
294_16,8,1,8,0.6459329,0.5991432,0,0,8,0,8,0.45361745,0.49538916,9,7
325_25,8,1,8,0.59277093,0.6100073,0,0,3,0,3,0.42560166,0.55278754,0,0
325_51,8,1,8,0.6223917,0.63119847,0,0,1,0,1,0.40623596,0.5459888,0,0
53_7,8,1,8,0.65753245,0.60119015,0,0,8,0,8,0.5316973,0.49321342,0,8
325_35,8,1,8,0.5941794,0.5921982,0,0,1,0,1,0.4611383,0.4661836,0,0
154_7,8,1,8,0.54305834,0.62959474,0,0,8,0,8,0.4138541,0.61178565,1,2
320_3,8,1,8,0.6120815,0.58498484,0,0,8,0,8,0.51547825,0.49381644,1,2
27_11,8,1,8,0.55673516,0.61963433,0,0,2,0,2,0.6334713,0.5839013,0,5
145_2,8,1,8,0.6434891,0.6538041,0,0,8,0,8,0.42358533,0.4850191,0,4
222_15,8,1,8,0.5796649,0.5797806,0,0,8,0,8,0.4524569,0.45706508,0,4
294_24,8,1,8,0.64691895,0.64019126,0,0,8,0,8,0.43477118,0.5800374,9,7
289_55,8,1,8,0.6281004,0.6144025,0,0,8,0,8,0.48433477,0.5585804,9,7
305_3,8,1,8,0.6400354,0.6176341,0,0,8,0,8,0.46807027,0.5526162,5,6
1_2,8,1,8,0.6629922,0.61199,0,0,8,0,8,0.51291955,0.58864045,0,9
333_3,8,1,8,0.6090851,0.6278694,0,0,1,0,1,0.51987606,0.51870656,1,2
86_21,8,1,8,0.62202287,0.5788391,0,0,8,0,8,0.45014256,0.48643357,0,9
294_21,8,1,8,0.6400643,0.693744,0,0,8,0,8,0.39632544,0.51091814,9,7
55_16,8,1,8,0.62690336,0.64706796,0,0,8,0,8,0.37588614,0.5234335,0,8
325_13,8,1,8,0.5869605,0.60770047,0,0,1,0,1,0.42644662,0.47903842,0,0
308_6,8,1,8,0.60085326,0.60381407,0,0,8,0,8,0.48276144,0.50971735,9,7
44_16,8,1,8,0.5747245,0.62252265,0,0,2,0,2,0.5373317,0.522899,0,4
239_3,8,1,8,0.57157254,0.618499,0,0,8,0,8,0.47073343,0.47837764,5,6
325_29,8,1,8,0.60360086,0.6115221,0,0,1,0,1,0.4682057,0.5126736,0,0
15_2,8,1,8,0.6787114,0.6186218,0,0,8,0,8,0.48109153,0.5219376,0,8
325_27,8,1,8,0.63792646,0.59244305,0,0,1,0,1,0.41542393,0.5473386,0,0
306_5,8,1,8,0.5656231,0.61576325,0,0,8,0,8,0.4560161,0.4827608,0,0
294_19,8,1,8,0.6421237,0.61356837,0,0,8,0,8,0.4455393,0.5094919,9,7
159_5,8,1,8,0.6214595,0.61106807,0,0,8,0,8,0.3885171,0.46204913,0,0
165_3,8,1,8,0.6348898,0.6043146,0,0,2,0,2,0.52495736,0.51737976,0,4
325_20,8,1,8,0.6170142,0.5893449,0,0,1,0,1,0.47693616,0.46711522,0,0
320_5,8,1,8,0.6306595,0.5801631,0,0,8,0,8,0.43795905,0.5587067,1,2
5_8,8,1,8,0.6286752,0.6235607,0,0,8,0,8,0.4319136,0.44590962,5,6
308_7,8,1,8,0.621536,0.5607386,0,0,8,0,8,0.49529716,0.49022484,9,7
27_17,8,1,8,0.56036866,0.6102476,0,0,2,0,2,0.5881405,0.54659677,0,5
325_43,8,1,8,0.6134462,0.58081704,0,0,1,0,1,0.42546198,0.5671723,0,0
115_2,8,1,8,0.5926445,0.6334397,0,0,8,0,8,0.49901736,0.48484737,1,2
325_19,8,1,8,0.6310468,0.56044716,0,0,1,0,1,0.44531712,0.5202688,0,0
86_48,8,1,8,0.60633063,0.56870836,0,0,8,0,8,0.4923784,0.51109695,0,9
289_26,8,1,8,0.6087743,0.61680156,0,0,8,0,8,0.46847147,0.52474034,9,7
274_10,8,1,8,0.6337875,0.6396541,0,0,8,0,8,0.3813004,0.49541432,5,6
162_4,8,1,8,0.6303969,0.5976538,0,0,1,0,1,0.4429324,0.5015185,0,0
294_47,8,1,8,0.64314026,0.6072038,0,0,8,0,8,0.4497413,0.39932108,9,7
298_20,8,1,8,0.65923786,0.60903364,0,0,3,0,3,0.44362876,0.46510783,9,7
5_5,8,1,8,0.61472744,0.6049141,0,0,8,0,8,0.4834323,0.48852956,5,6
53_39,8,1,8,0.60365534,0.61039025,0,0,8,0,8,0.42196223,0.46143496,0,8
44_23,8,1,8,0.5690745,0.608599,0,0,2,0,2,0.5205581,0.45812744,0,4
209_2,8,1,8,0.60966134,0.6089186,0,0,8,0,8,0.46493196,0.4134917,0,1
308_10,8,1,8,0.62819505,0.57937664,0,0,2,0,2,0.5795303,0.5372938,9,7
115_3,8,1,8,0.64154786,0.65309334,0,0,8,0,8,0.50087553,0.506264,1,2
81_1,8,1,8,0.563708,0.611661,0,0,8,0,8,0.5678419,0.43987426,5,6
81_6,8,1,8,0.5985626,0.5852234,0,0,2,0,2,0.56425023,0.5036027,5,6
212_12,8,1,8,0.6298807,0.64909154,0,0,2,0,2,0.53037435,0.62456113,5,6
131_8,8,1,8,0.64325386,0.59147626,0,0,8,0,8,0.45613438,0.37069443,0,5
54_10,8,1,8,0.6413304,0.6151356,0,0,8,0,8,0.4402113,0.46491247,0,5
5_16,8,1,8,0.6203291,0.6381031,0,0,8,0,8,0.42470056,0.547383,5,6
44_29,8,1,8,0.60631126,0.61375916,0,0,5,0,5,0.54724985,0.578666,0,4
154_9,8,1,8,0.62735206,0.6385055,0,0,8,0,8,0.4301599,0.52705663,1,2
154_3,8,1,8,0.55568945,0.6150057,0,0,8,0,8,0.4657271,0.5277065,1,2
179_6,8,1,8,0.5894195,0.6313717,0,0,8,0,8,0.5105574,0.49941665,0,4
289_20,8,1,8,0.64302796,0.61820084,0,0,8,0,8,0.43742278,0.53144455,9,7
53_40,8,1,8,0.64232236,0.65293425,0,0,8,0,8,0.43613195,0.5257429,0,8
54_19,8,1,8,0.63447493,0.609477,0,0,8,0,8,0.42645994,0.39319584,0,5
314_3,8,1,8,0.6903989,0.6176947,0,0,8,0,8,0.37388372,0.5024712,5,3
44_22,8,1,8,0.6431004,0.669374,0,0,2,0,2,0.5540228,0.53391504,0,4
274_3,8,1,8,0.6205955,0.6102287,0,0,8,0,8,0.43240964,0.534416,5,6
5_3,8,1,8,0.64439166,0.61949486,0,0,8,0,8,0.46658483,0.5584106,5,6
289_62,8,1,8,0.56740355,0.623592,0,0,2,0,2,0.53654534,0.40111932,9,7
55_10,8,1,8,0.62755436,0.6336487,0,0,8,0,8,0.47906566,0.5362259,0,8
86_8,8,1,8,0.6170849,0.6072994,0,0,8,0,8,0.4779033,0.43469247,0,9
289_64,8,1,8,0.6458684,0.60551393,0,0,8,0,8,0.44700402,0.4406009,9,7
284_11,8,1,8,0.5970149,0.6355662,0,0,8,0,8,0.42463633,0.42680132,9,7
86_12,8,1,8,0.6432535,0.62987673,0,0,8,0,8,0.4867583,0.449163,0,9
298_46,8,1,8,0.66794544,0.5778045,0,0,5,0,5,0.4029034,0.45593733,9,7
346_1,8,1,8,0.6299456,0.6392114,0,0,8,0,8,0.60736406,0.6395265,0,1
298_27,8,1,8,0.6464451,0.5913753,0,0,0,0,0,0.41262954,0.434176,9,7
70_27,8,1,8,0.6020855,0.6139987,0,0,2,0,2,0.56296855,0.5199029,0,8
27_16,8,1,8,0.57201296,0.6113654,0,0,1,0,1,0.47485006,0.58327454,0,5
53_14,8,1,8,0.6104551,0.5954984,0,0,8,0,8,0.47679013,0.52109647,0,8
298_34,8,1,8,0.61314446,0.6382124,0,0,3,0,3,0.5456344,0.6084955,9,7
306_11,8,1,8,0.5912103,0.62450176,0,0,1,0,1,0.4335441,0.46356976,0,0
298_40,8,1,8,0.6103055,0.58310014,0,0,8,0,8,0.57064825,0.5597081,9,7
31_7,8,1,8,0.5702695,0.61705834,0,0,2,0,2,0.5613136,0.4235282,9,7
115_7,8,1,8,0.6429496,0.60479057,0,0,8,0,8,0.49173415,0.47130933,1,2
222_10,8,1,8,0.6100014,0.6147916,0,0,2,0,2,0.5241383,0.49077398,0,4
207_3,8,1,8,0.55582184,0.6132947,0,0,8,0,8,0.5358554,0.5544085,0,1
81_18,8,1,8,0.5814533,0.6267418,0,0,8,0,8,0.5080042,0.5618758,5,6
54_16,8,1,8,0.62058735,0.60791147,0,0,8,0,8,0.51431817,0.59160817,0,5
165_1,8,1,8,0.61602086,0.62020963,0,0,2,0,2,0.5918162,0.57285064,0,4
237_6,8,1,8,0.62482435,0.6025016,0,0,8,0,8,0.45711327,0.5664651,5,6
86_34,8,1,8,0.6473539,0.60475796,0,0,8,0,8,0.4379588,0.4029116,0,9
212_10,8,1,8,0.60727865,0.61236995,0,0,8,0,8,0.49361378,0.62237096,5,6
274_6,8,1,8,0.56889755,0.61329204,0,0,1,0,1,0.38792706,0.532773,5,6
70_19,8,1,8,0.64769626,0.6150239,0,0,8,0,8,0.5150794,0.45807716,0,8
325_37,8,1,8,0.63269335,0.5849157,0,0,1,0,1,0.44920474,0.46114436,0,0
5_10,8,1,8,0.59233993,0.5692466,0,0,8,0,8,0.4425764,0.49368998,5,6
86_4,8,1,8,0.6391431,0.5807232,0,0,8,0,8,0.51397336,0.48256868,0,9
268_1,8,1,8,0.64599144,0.612331,0,0,8,0,8,0.5688734,0.5360997,5,6
298_51,8,1,8,0.6306206,0.58373255,0,0,5,0,5,0.3940664,0.47061068,9,7
53_50,8,1,8,0.62478054,0.63232917,0,0,2,0,2,0.599514,0.5564304,0,8
306_18,8,1,8,0.65969455,0.58888596,0,0,8,0,8,0.43410137,0.4896698,0,0
154_8,8,1,8,0.60367906,0.628596,0,0,8,0,8,0.51982343,0.6140158,1,2
335_10,8,1,8,0.6255944,0.6430748,0,0,8,0,8,0.45384762,0.5029594,0,5
209_1,8,1,8,0.6052099,0.60429084,0,0,8,0,8,0.5047868,0.527482,0,1
53_42,8,1,8,0.58214337,0.63732314,0,0,8,0,8,0.43129426,0.46700054,0,8
335_3,8,1,8,0.59762186,0.578274,0,0,1,0,1,0.45123467,0.46232522,0,5
181_8,8,1,8,0.6126425,0.62062985,0,0,3,0,3,0.4076605,0.51740694,0,0
325_4,8,1,8,0.5599036,0.613844,0,0,8,0,8,0.5303021,0.54011714,0,0
86_32,8,1,8,0.65230733,0.6031819,0,0,8,0,8,0.46430576,0.4747154,0,9
31_3,8,1,8,0.60403484,0.5959615,0,0,2,0,2,0.54897124,0.44321015,9,7
298_53,8,1,8,0.6333307,0.60855687,0,0,8,0,8,0.40480223,0.4476403,9,7
11_17,8,1,8,0.5633795,0.60150486,0,0,8,0,8,0.45913625,0.5583955,0,8
55_13,8,1,8,0.65290296,0.6254956,0,0,5,0,5,0.49049073,0.46248817,0,8
268_7,8,1,8,0.6592014,0.6313103,0,0,8,0,8,0.47092226,0.461009,5,6
159_1,8,1,8,0.63909763,0.6260417,0,0,8,0,8,0.45534334,0.51027393,0,0
86_41,8,1,8,0.6498916,0.6072989,0,0,8,0,8,0.52920747,0.50461894,0,9
298_6,8,1,8,0.6450771,0.5883936,0,0,8,0,8,0.47367662,0.4875388,9,7
325_2,8,1,8,0.6488716,0.58714277,0,0,1,0,1,0.42959365,0.6404398,0,0
289_58,8,1,8,0.57600594,0.62147504,0,0,2,0,2,0.5458652,0.52884007,9,7
125_5,8,1,8,0.67106235,0.5962586,0,0,8,0,8,0.49091655,0.54684925,0,5
27_20,8,1,8,0.5604574,0.6059247,0,0,2,0,2,0.6068326,0.57062364,0,5
190_8,8,1,8,0.56551063,0.6126366,0,0,8,0,8,0.49136186,0.5360875,0,0
289_40,8,1,8,0.62417436,0.6131485,0,0,8,0,8,0.47460634,0.5394451,9,7
325_23,8,1,8,0.62834466,0.5583036,0,0,1,0,1,0.49277687,0.49106914,0,0
298_12,8,1,8,0.64618665,0.6228503,0,0,3,0,3,0.42691645,0.44590196,9,7
54_7,8,1,8,0.61233777,0.6312971,0,0,2,0,2,0.5309243,0.53729564,0,5
333_4,8,1,8,0.61698985,0.586327,0,0,1,0,1,0.5123541,0.513579,1,2
294_14,8,1,8,0.6059321,0.59410053,0,0,8,0,8,0.4778797,0.5416131,9,7
298_39,8,1,8,0.6418599,0.6225094,0,0,1,0,1,0.52474153,0.511887,9,7
5_6,8,1,8,0.624874,0.5900919,0,0,8,0,8,0.43495977,0.4381552,5,6
11_7,8,1,8,0.645755,0.62506396,0,0,2,0,2,0.51144385,0.46127632,0,8
289_15,8,1,8,0.6102045,0.6140672,0,0,8,0,8,0.4835878,0.52883476,9,7
125_2,8,1,8,0.58960676,0.6180785,0,0,2,0,2,0.5454104,0.5607428,0,5
53_12,8,1,8,0.6661725,0.6211152,0,0,8,0,8,0.42945734,0.52736264,0,8
298_11,8,1,8,0.65833646,0.58589876,0,0,5,0,5,0.45627856,0.4944373,9,7
190_2,8,1,8,0.591214,0.58640325,0,0,8,0,8,0.50348884,0.56556696,0,0
21_1,8,1,8,0.6307249,0.6030987,0,0,8,0,8,0.46004045,0.494457,0,5
294_3,8,1,8,0.6521908,0.60374063,0,0,8,0,8,0.46711382,0.4735487,9,7
325_3,8,1,8,0.6420791,0.5784837,0,0,1,0,1,0.48018295,0.586019,0,0
11_15,8,1,8,0.6109602,0.64088184,0,0,2,0,2,0.47017744,0.5161675,0,8
284_6,8,1,8,0.61386764,0.6026369,0,0,2,0,2,0.55043197,0.44079873,9,7
5_18,8,1,8,0.6319587,0.5972725,0,0,8,0,8,0.46509576,0.47279233,5,6
335_5,8,1,8,0.60487634,0.6307139,0,0,8,0,8,0.4631343,0.54140234,0,5
325_40,8,1,8,0.60743314,0.6285727,0,0,1,0,1,0.3850445,0.5439525,0,0
325_31,8,1,8,0.63886917,0.5782936,0,0,1,0,1,0.39392704,0.5251376,0,0
86_24,8,1,8,0.6211674,0.5865237,0,0,8,0,8,0.45977408,0.5221014,0,9
239_7,8,1,8,0.63049805,0.6176962,0,0,8,0,8,0.4762141,0.49638057,5,6
298_29,8,1,8,0.6356417,0.61605626,0,0,8,0,8,0.5329299,0.483944,9,7
335_7,8,1,8,0.6281139,0.58496386,0,0,8,0,8,0.46374583,0.43497857,0,5
239_4,8,1,8,0.64197516,0.6085829,0,0,8,0,8,0.50079983,0.540774,5,6
294_6,8,1,8,0.6267692,0.59785193,0,0,2,0,2,0.5346906,0.5117676,9,7
70_12,8,1,8,0.6017009,0.6273939,0,0,8,0,8,0.45282093,0.50376403,0,8
274_1,8,1,8,0.6471866,0.6314388,0,0,8,0,8,0.471859,0.52563286,5,6
5_7,8,1,8,0.6129204,0.6015801,0,0,8,0,8,0.50707084,0.48943967,5,6
207_1,8,1,8,0.5878052,0.57441586,0,0,0,0,0,0.51141727,0.46153402,0,1
99_8,8,1,8,0.57210547,0.61035234,0,0,1,0,1,0.45377898,0.5279211,0,0
209_15,8,1,8,0.6212063,0.5922368,0,0,8,0,8,0.48998344,0.54237646,0,1
209_9,8,1,8,0.6021403,0.6201111,0,0,8,0,8,0.44486696,0.5053241,0,1
53_27,8,1,8,0.6057676,0.64126396,0,0,2,0,2,0.48445427,0.49163455,0,8
222_4,8,1,8,0.63796204,0.5874701,0,0,8,0,8,0.44890004,0.4839674,0,4
289_12,8,1,8,0.61645335,0.60635394,0,0,2,0,2,0.457239,0.5394335,9,7
325_49,8,1,8,0.62629586,0.61776835,0,0,1,0,1,0.41927493,0.4764567,0,0
298_21,8,1,8,0.6401164,0.6012698,0,0,3,0,3,0.48400778,0.48747873,9,7
209_12,8,1,8,0.5841666,0.6105414,0,0,8,0,8,0.5539288,0.6004473,0,1
298_26,8,1,8,0.6379747,0.58142316,0,0,3,0,3,0.3706747,0.45772126,9,7
294_30,8,1,8,0.60164183,0.62764055,0,0,2,0,2,0.5443374,0.53723705,9,7
306_8,8,1,8,0.6492919,0.5891537,0,0,1,0,1,0.48042554,0.461673,0,0
294_5,8,1,8,0.6501973,0.62533164,0,0,8,0,8,0.49436545,0.5073137,9,7
150_5,8,1,8,0.62545943,0.64233345,0,0,8,0,8,0.5054296,0.4840321,1,2
222_17,8,1,8,0.63949394,0.5881061,0,0,8,0,8,0.47560683,0.42971593,0,4
314_4,8,1,8,0.6413448,0.6127532,0,0,8,0,8,0.44532642,0.5138063,5,3
70_17,8,1,8,0.67348087,0.6461451,0,0,8,0,8,0.4679123,0.55010635,0,8
325_8,8,1,8,0.65994745,0.60458213,0,0,0,0,0,0.45869094,0.526767,0,0
298_41,8,1,8,0.6605338,0.6109808,0,0,3,0,3,0.47932562,0.5022119,9,7
53_32,8,1,8,0.62861264,0.61954266,0,0,8,0,8,0.47430074,0.57966727,0,8
70_7,8,1,8,0.59984326,0.6284471,0,0,2,0,2,0.53165466,0.5431165,0,8
289_33,8,1,8,0.6475666,0.62928176,0,0,8,0,8,0.4547684,0.4723578,9,7
294_28,8,1,8,0.6246713,0.6105694,0,0,8,0,8,0.41768822,0.5203104,9,7
45_4,8,1,8,0.632639,0.64736354,0,0,8,0,8,0.44337624,0.5079951,0,8
86_16,8,1,8,0.6287109,0.6069511,0,0,8,0,8,0.42632237,0.50942844,0,9
86_33,8,1,8,0.6564709,0.5991212,0,0,8,0,8,0.47336096,0.4387914,0,9
5_4,8,1,8,0.6045216,0.5900821,0,0,8,0,8,0.42792827,0.44608238,5,6
298_31,8,1,8,0.6602705,0.61041635,0,0,3,0,3,0.41168457,0.45840082,9,7
53_9,8,1,8,0.68090385,0.6060808,0,0,8,0,8,0.5288896,0.440595,0,8
86_11,8,1,8,0.6256894,0.6070382,0,0,8,0,8,0.49274307,0.52515656,0,9
325_34,8,1,8,0.61131954,0.58785635,0,0,1,0,1,0.45301884,0.4541986,0,0
325_39,8,1,8,0.62463754,0.61745983,0,0,1,0,1,0.4213711,0.5490333,0,0
5_19,8,1,8,0.62996286,0.65355814,0,0,8,0,8,0.4299144,0.5420664,5,6
44_26,8,1,8,0.59715414,0.59782064,0,0,8,0,8,0.4551474,0.5210691,0,4
294_38,8,1,8,0.6192112,0.6015946,0,0,8,0,8,0.4144884,0.50745606,9,7
53_30,8,1,8,0.6411527,0.5834796,0,0,8,0,8,0.4135701,0.42713958,0,8
143_2,8,1,8,0.6449683,0.6034453,0,0,3,0,3,0.5228644,0.4537676,0,5
294_29,8,1,8,0.6099553,0.6374714,0,0,2,0,2,0.67499995,0.6060965,9,7
86_35,8,1,8,0.6581413,0.5883337,0,0,8,0,8,0.47541463,0.47908485,0,9
294_32,8,1,8,0.6367693,0.648038,0,0,8,0,8,0.4146855,0.5038456,9,7
306_4,8,1,8,0.5683158,0.60839134,0,0,8,0,8,0.48674774,0.48302403,0,0
54_14,8,1,8,0.6321441,0.6245904,0,0,8,0,8,0.45042592,0.37190238,0,5
53_18,8,1,8,0.6314459,0.6289733,0,0,2,0,2,0.5288328,0.46599331,0,8
77_3,8,1,8,0.6269698,0.6333695,0,0,2,0,2,0.55983555,0.45732847,9,7
86_42,8,1,8,0.6456082,0.62187606,0,0,8,0,8,0.48510522,0.5306069,0,9
100_3,8,1,8,0.60251874,0.6213049,0,0,8,0,8,0.53077245,0.5702383,0,1
11_1,8,1,8,0.63568825,0.5947856,0,0,8,0,8,0.4965466,0.4485942,0,8
55_11,8,1,8,0.6420581,0.63350934,0,0,8,0,8,0.50633675,0.48707587,0,8
86_7,8,1,8,0.61072123,0.5974174,0,0,8,0,8,0.50067407,0.47144073,0,9
325_22,8,1,8,0.5833744,0.5939291,0,0,1,0,1,0.42848468,0.52806175,0,0
284_5,8,1,8,0.6010096,0.60742074,0,0,2,0,2,0.55764127,0.49857906,9,7
45_6,8,1,8,0.62517786,0.617247,0,0,2,0,2,0.42586374,0.5409027,0,8
306_9,8,1,8,0.5731001,0.58672816,0,0,1,0,1,0.39808458,0.562447,0,0
306_12,8,1,8,0.5713191,0.6137757,0,0,8,0,8,0.4378304,0.49214953,0,0
289_4,8,1,8,0.63566625,0.581918,0,0,1,0,1,0.45014077,0.54956055,9,7
125_3,8,1,8,0.6358947,0.6095057,0,0,2,0,2,0.59205604,0.63465303,0,5
308_3,8,1,8,0.6538826,0.5931044,0,0,1,0,1,0.43060458,0.49564743,9,7
325_53,8,1,8,0.620121,0.6189563,0,0,1,0,1,0.45568034,0.5634984,0,0
289_11,8,1,8,0.6039095,0.6274939,0,0,2,0,2,0.5402244,0.53967386,9,7
294_9,8,1,8,0.62503093,0.6148736,0,0,1,0,1,0.52862054,0.5536827,9,7
298_37,8,1,8,0.6594504,0.61891013,0,0,8,0,8,0.45106798,0.5449072,9,7
294_20,8,1,8,0.63908505,0.5943074,0,0,8,0,8,0.4336856,0.4806499,9,7
154_2,8,1,8,0.55498254,0.61289805,0,0,0,0,0,0.5050335,0.5271518,1,2
55_8,8,1,8,0.6523451,0.62547493,0,0,5,0,5,0.44404194,0.5963705,0,8
53_15,8,1,8,0.6169207,0.6111116,0,0,2,0,2,0.4570572,0.4801176,0,8
181_1,8,1,8,0.60380226,0.64918435,0,0,3,0,3,0.35914603,0.51844084,0,0
320_4,8,1,8,0.5946482,0.58902234,0,0,8,0,8,0.45749724,0.54457927,1,2
81_19,8,1,8,0.6325782,0.6021863,0,0,8,0,8,0.5217035,0.58671796,5,6
86_50,8,1,8,0.6253283,0.6275336,0,0,8,0,8,0.44181663,0.51924926,0,9
11_16,8,1,8,0.5679944,0.6117906,0,0,8,0,8,0.47239548,0.5541,0,8
44_28,8,1,8,0.61384684,0.6043853,0,0,8,0,8,0.47404522,0.48797417,0,4
81_8,8,1,8,0.62258476,0.60585386,0,0,8,0,8,0.43361604,0.38755187,5,6
86_55,8,1,8,0.61119264,0.6104271,0,0,8,0,8,0.4441856,0.46649632,0,9
70_15,8,1,8,0.60300946,0.6051819,0,0,8,0,8,0.45421657,0.36847603,0,8
325_55,8,1,8,0.648847,0.6155965,0,0,1,0,1,0.4175049,0.580964,0,0
86_28,8,1,8,0.66559315,0.54527175,0,0,8,0,8,0.44875646,0.4608695,0,9
70_11,8,1,8,0.60383165,0.61184496,0,0,2,0,2,0.5180775,0.5500828,0,8
289_5,8,1,8,0.6176531,0.58982056,0,0,2,0,2,0.5245177,0.5733958,9,7
325_57,8,1,8,0.66010904,0.5841618,0,0,1,0,1,0.40909642,0.4753181,0,0
308_5,8,1,8,0.63425046,0.58678204,0,0,2,0,2,0.62611413,0.5523922,9,7
53_6,8,1,8,0.59754807,0.5943169,0,0,2,0,2,0.55688405,0.48883277,0,8
45_10,8,1,8,0.6372887,0.607319,0,0,2,0,2,0.5406341,0.5322923,0,8
81_23,8,1,8,0.5916255,0.6289677,0,0,8,0,8,0.534381,0.54124165,5,6
181_3,8,1,8,0.6266781,0.6488721,0,0,3,0,3,0.43425244,0.42808884,0,0
239_2,8,1,8,0.6302085,0.6227507,0,0,2,0,2,0.5237531,0.4987794,5,6
289_53,8,1,8,0.62576956,0.5897537,0,0,8,0,8,0.4901116,0.47591656,9,7
86_54,8,1,8,0.65530884,0.6029024,0,0,8,0,8,0.50880504,0.5135123,0,9
86_3,8,1,8,0.6184346,0.58708566,0,0,8,0,8,0.4556327,0.52898324,0,9
212_13,8,1,8,0.6131133,0.6218174,0,0,2,0,2,0.47496408,0.49137247,5,6
298_52,8,1,8,0.6348533,0.6067993,0,0,8,0,8,0.4624554,0.45952716,9,7
115_6,8,1,8,0.64699817,0.60992724,0,0,8,0,8,0.52518535,0.46456265,1,2
333_2,8,1,8,0.6404042,0.6138746,0,0,8,0,8,0.40488595,0.5551578,1,2
81_21,8,1,8,0.64352876,0.6053014,0,0,8,0,8,0.42524302,0.5052407,5,6
320_13,8,1,8,0.6157295,0.5788673,0,0,8,0,8,0.5330893,0.5428345,1,2
70_3,8,1,8,0.62720734,0.6129051,0,0,8,0,8,0.47513276,0.515589,0,8
325_38,8,1,8,0.6372244,0.59666497,0,0,1,0,1,0.42654127,0.5188446,0,0
212_14,8,1,8,0.6411464,0.6593277,0,0,8,0,8,0.5027195,0.6234436,5,6
254_6,8,1,8,0.6261545,0.6332084,0,0,8,0,8,0.48217493,0.45785683,0,4
54_5,8,1,8,0.5978719,0.6193036,0,0,8,0,8,0.48811263,0.45257226,0,5
53_11,8,1,8,0.5969243,0.6068287,0,0,8,0,8,0.45206603,0.46730387,0,8
325_50,8,1,8,0.60186267,0.60605377,0,0,1,0,1,0.40486366,0.47142553,0,0
86_49,8,1,8,0.6682956,0.62038535,0,0,8,0,8,0.42647293,0.46900237,0,9
289_39,8,1,8,0.62129855,0.6249767,0,0,8,0,8,0.5475997,0.63165545,9,7
335_6,8,1,8,0.6470437,0.6249675,0,0,8,0,8,0.53066385,0.40707117,0,5
55_9,8,1,8,0.5968974,0.63523585,0,0,4,0,4,0.45596978,0.5583898,0,8
294_12,8,1,8,0.64760697,0.5848288,0,0,8,0,8,0.50887877,0.53687495,9,7
222_13,8,1,8,0.6380284,0.6344735,0,0,8,0,8,0.4880148,0.50890756,0,4
325_24,8,1,8,0.61911625,0.5712361,0,0,1,0,1,0.46608534,0.51911473,0,0
27_2,8,1,8,0.5607954,0.6141791,0,0,2,0,2,0.63606215,0.4911976,0,5
325_33,8,1,8,0.6116697,0.5785197,0,0,1,0,1,0.4504382,0.48481083,0,0
212_7,8,1,8,0.6431194,0.6038086,0,0,2,0,2,0.58048207,0.58996964,5,6
86_23,8,1,8,0.63660836,0.58227277,0,0,8,0,8,0.4368604,0.5644572,0,9
298_56,8,1,8,0.61191916,0.6264511,0,0,1,0,1,0.40970963,0.62124175,9,7
212_4,8,1,8,0.60123897,0.6413548,0,0,2,0,2,0.52100945,0.475304,5,6
268_2,8,1,8,0.64403,0.6185511,0,0,3,0,3,0.45290047,0.4927422,5,6
325_16,8,1,8,0.6135358,0.58963346,0,0,1,0,1,0.44134834,0.54722655,0,0
70_22,8,1,8,0.58780265,0.5975713,0,0,8,0,8,0.39726588,0.48291686,0,8
44_20,8,1,8,0.62717104,0.60966986,0,0,2,0,2,0.5394131,0.4809625,0,4
54_1,8,1,8,0.61620414,0.6178531,0,0,8,0,8,0.4552977,0.4436959,0,5
268_4,8,1,8,0.6151746,0.6173555,0,0,1,0,1,0.48506027,0.55554307,5,6
320_15,8,1,8,0.6232203,0.59715545,0,0,1,0,1,0.38053775,0.58709866,1,2
159_3,8,1,8,0.6092911,0.61537385,0,0,8,0,8,0.42298907,0.43295398,0,0
298_17,8,1,8,0.6434789,0.6021312,0,0,5,0,5,0.4370924,0.51188576,9,7
53_17,8,1,8,0.60717815,0.6616339,0,0,2,0,2,0.53283453,0.51825464,0,8
325_11,8,1,8,0.6451274,0.6061951,0,0,3,0,3,0.45017457,0.46088582,0,0
209_18,8,1,8,0.56395507,0.61672765,0,0,8,0,8,0.54478467,0.47776905,0,1
143_5,8,1,8,0.6447463,0.59641224,0,0,2,0,2,0.49908447,0.45141906,0,5
53_49,8,1,8,0.65315086,0.64237636,0,0,8,0,8,0.4744566,0.54165673,0,8
199_3,8,1,8,0.6340289,0.58890146,0,0,1,0,1,0.46965253,0.5299355,0,0
335_4,8,1,8,0.5583976,0.6107742,0,0,1,0,1,0.40693906,0.5213834,0,5
165_2,8,1,8,0.64557296,0.6142653,0,0,2,0,2,0.52124226,0.485726,0,4
31_5,8,1,8,0.5975412,0.61409014,0,0,2,0,2,0.63698363,0.4138042,9,7
27_19,8,1,8,0.56615436,0.6199596,0,0,2,0,2,0.61781603,0.48430055,0,5
181_2,8,1,8,0.588388,0.61609113,0,0,3,0,3,0.44644135,0.45480394,0,0
289_16,8,1,8,0.6019341,0.6100617,0,0,8,0,8,0.44878507,0.46445924,9,7
209_6,8,1,8,0.608204,0.6198363,0,0,8,0,8,0.5069524,0.5455254,0,1
298_18,8,1,8,0.6480331,0.61220014,0,0,3,0,3,0.39968324,0.40807167,9,7
294_41,8,1,8,0.63086414,0.5982389,0,0,3,0,3,0.3553377,0.47607112,9,7
268_5,8,1,8,0.6293047,0.6159698,0,0,8,0,8,0.47436428,0.61181784,5,6
289_7,8,1,8,0.60110444,0.5994136,0,0,2,0,2,0.4850824,0.5070985,9,7
179_1,8,1,8,0.5640772,0.61922765,0,0,3,0,3,0.4511922,0.5060321,0,4
44_4,8,1,8,0.66637576,0.62670964,0,0,2,0,2,0.5421325,0.41188458,0,4
294_36,8,1,8,0.61049324,0.58748823,0,0,2,0,2,0.5306164,0.5386282,9,7
199_1,8,1,8,0.64120555,0.6239721,0,0,8,0,8,0.4379217,0.47675723,0,0
157_16,8,1,8,0.6446122,0.58449155,0,0,8,0,8,0.50891334,0.5409212,0,0
86_19,8,1,8,0.62725526,0.6094501,0,0,8,0,8,0.48225278,0.45006746,0,9
86_43,8,1,8,0.6721687,0.59315616,0,0,8,0,8,0.44730872,0.47459844,0,9
152_1,8,1,8,0.5659962,0.62743396,0,0,8,0,8,0.620399,0.5516525,1,2
53_38,8,1,8,0.612158,0.60747534,0,0,8,0,8,0.40779227,0.5017968,0,8
5_9,8,1,8,0.62166905,0.5900969,0,0,8,0,8,0.49193788,0.46975088,5,6
239_8,8,1,8,0.62991375,0.6241714,0,0,2,0,2,0.54324234,0.52551484,5,6
53_36,8,1,8,0.625603,0.61553544,0,0,8,0,8,0.39979112,0.46494526,0,8
154_10,8,1,8,0.65467006,0.61787635,0,0,8,0,8,0.5295665,0.67499995,1,2
289_65,8,1,8,0.64702225,0.6255621,0,0,8,0,8,0.44753754,0.48338562,9,7
325_12,8,1,8,0.6241786,0.56850636,0,0,1,0,1,0.41823462,0.5336606,0,0
86_56,8,1,8,0.6171797,0.62180537,0,0,8,0,8,0.45055282,0.5581869,0,9
325_47,8,1,8,0.64721143,0.60454494,0,0,1,0,1,0.48379385,0.4993788,0,0
209_13,8,1,8,0.5986705,0.6038252,0,0,8,0,8,0.52927196,0.6211821,0,1
44_12,8,1,8,0.65021354,0.6255199,0,0,8,0,8,0.44259208,0.5099128,0,4
131_6,8,1,8,0.6313862,0.62789327,0,0,0,0,0,0.53141916,0.5142863,0,5
86_6,8,1,8,0.6082269,0.5725961,0,0,8,0,8,0.46339163,0.46363965,0,9
86_44,8,1,8,0.6663245,0.61188775,0,0,8,0,8,0.47560447,0.46165645,0,9
86_13,8,1,8,0.6382036,0.61595815,0,0,8,0,8,0.47411075,0.52543265,0,9
27_8,8,1,8,0.56462485,0.6202973,0,0,1,0,1,0.5333017,0.4625178,0,5
115_4,8,1,8,0.61959815,0.6121735,0,0,8,0,8,0.43301225,0.4967914,1,2
55_17,8,1,8,0.63265437,0.62129956,0,0,5,0,5,0.42285985,0.5437078,0,8
284_4,8,1,8,0.5739241,0.6174315,0,0,1,0,1,0.4173213,0.54219455,9,7
294_39,8,1,8,0.66629416,0.66391,0,0,3,0,3,0.39629352,0.49068606,9,7
162_1,8,1,8,0.61576605,0.6168107,0,0,1,0,1,0.43296874,0.60530275,0,0
53_2,8,1,8,0.65215874,0.60529476,0,0,2,0,2,0.5290943,0.5447405,0,8
284_9,8,1,8,0.6068163,0.60804445,0,0,2,0,2,0.5002034,0.50731736,9,7
27_14,8,1,8,0.5682595,0.62198466,0,0,2,0,2,0.51847094,0.47619832,0,5
53_24,8,1,8,0.62817425,0.59604293,0,0,2,0,2,0.47862944,0.53029215,0,8
53_43,8,1,8,0.6263818,0.59383136,0,0,8,0,8,0.46460012,0.4298134,0,8
325_17,8,1,8,0.59681195,0.57481664,0,0,1,0,1,0.4278773,0.5917402,0,0
294_40,8,1,8,0.6256985,0.62062764,0,0,2,0,2,0.45633715,0.53146774,9,7
294_18,8,1,8,0.6438869,0.59849197,0,0,8,0,8,0.37203324,0.587569,9,7
289_38,8,1,8,0.648078,0.5968645,0,0,8,0,8,0.45921922,0.58457726,9,7
212_1,8,1,8,0.60820943,0.6499967,0,0,8,0,8,0.5094234,0.6135467,5,6
199_2,8,1,8,0.5787439,0.61129624,0,0,1,0,1,0.49360105,0.51376456,0,0
11_5,8,1,8,0.6233492,0.61331016,0,0,8,0,8,0.44524026,0.5373627,0,8
289_48,8,1,8,0.6717772,0.6169366,0,0,8,0,8,0.46101296,0.56309116,9,7
86_2,8,1,8,0.6411917,0.5756328,0,0,8,0,8,0.4294131,0.4416843,0,9
55_23,8,1,8,0.6026762,0.63624394,0,0,1,0,1,0.46884575,0.52785724,0,8
86_29,8,1,8,0.6591339,0.61193806,0,0,8,0,8,0.48679712,0.5002012,0,9
44_18,8,1,8,0.5713275,0.6166859,0,0,2,0,2,0.47713512,0.5205336,0,4
325_41,8,1,8,0.606436,0.59747195,0,0,8,0,8,0.51653725,0.48444,0,0
254_2,8,1,8,0.572886,0.618942,0,0,8,0,8,0.46279168,0.50131065,0,4
314_2,8,1,8,0.57273525,0.6214749,0,0,2,0,2,0.60479724,0.59153295,5,3
150_3,8,1,8,0.61058223,0.64783317,0,0,8,0,8,0.4621424,0.51641977,1,2
157_10,8,1,8,0.6315287,0.6165436,0,0,8,0,8,0.47992462,0.6068032,0,0
294_17,8,1,8,0.6803508,0.62748367,0,0,4,0,4,0.53795487,0.53912205,9,7
31_6,8,1,8,0.5872934,0.6165294,0,0,2,0,2,0.6211519,0.4680207,9,7
289_25,8,1,8,0.6717494,0.6069216,0,0,8,0,8,0.45385173,0.4481657,9,7
239_1,8,1,8,0.6507758,0.6576944,0,0,2,0,2,0.5483595,0.46153378,5,6
99_2,8,1,8,0.63924176,0.6098704,0,0,8,0,8,0.50114036,0.5457957,0,0
86_18,8,1,8,0.62788993,0.6045689,0,0,8,0,8,0.4472543,0.5490856,0,9
274_5,8,1,8,0.6357947,0.6254098,0,0,8,0,8,0.41467938,0.5241384,5,6
289_36,8,1,8,0.56987333,0.6259487,0,0,8,0,8,0.46831143,0.5177653,9,7
320_14,8,1,8,0.6620058,0.6309965,0,0,1,0,1,0.39387032,0.4874423,1,2
70_26,8,1,8,0.62338483,0.60073656,0,0,8,0,8,0.48794782,0.4657764,0,8
289_18,8,1,8,0.63803375,0.59878904,0,0,8,0,8,0.5062665,0.50151753,9,7
104_4,8,1,8,0.6147669,0.6093575,0,0,5,0,5,0.4105941,0.4745379,0,5
53_31,8,1,8,0.6561652,0.5893404,0,0,8,0,8,0.39956868,0.5672091,0,8
294_46,8,1,8,0.6225294,0.59040016,0,0,8,0,8,0.46461278,0.5304821,9,7
298_57,8,1,8,0.69249535,0.6332196,0,0,8,0,8,0.37424687,0.49554613,9,7
86_37,8,1,8,0.6740613,0.59559387,0,0,5,0,5,0.47499692,0.45538005,0,9
298_28,8,1,8,0.5815112,0.635269,0,0,8,0,8,0.44094625,0.4864213,9,7
294_44,8,1,8,0.62807703,0.58812934,0,0,2,0,2,0.5928685,0.620533,9,7
11_6,8,1,8,0.6335614,0.5832925,0,0,2,0,2,0.49329007,0.47768617,0,8
55_22,8,1,8,0.63403744,0.654972,0,0,8,0,8,0.40126926,0.47448075,0,8
320_9,8,1,8,0.658986,0.6097614,0,0,8,0,8,0.42612913,0.5226695,1,2
54_15,8,1,8,0.6276339,0.5888888,0,0,8,0,8,0.42517257,0.41851306,0,5
5_14,8,1,8,0.6344451,0.58869034,0,0,2,0,2,0.46355712,0.5516962,5,6
86_14,8,1,8,0.6024958,0.5992293,0,0,8,0,8,0.49109215,0.4687494,0,9
298_23,8,1,8,0.6358409,0.6350071,0,0,8,0,8,0.41355908,0.42074704,9,7
54_13,8,1,8,0.60031,0.6181118,0,0,8,0,8,0.47745448,0.4758872,0,5
81_24,8,1,8,0.5884686,0.6191295,0,0,5,0,5,0.46035147,0.4688122,5,6
86_20,8,1,8,0.59915704,0.6203659,0,0,8,0,8,0.48415124,0.55553585,0,9
181_7,8,1,8,0.60626733,0.5935497,0,0,3,0,3,0.47879344,0.4891821,0,0
289_54,8,1,8,0.61929286,0.6005669,0,0,8,0,8,0.49385238,0.5166116,9,7
104_2,8,1,8,0.614412,0.6158729,0,0,5,0,5,0.470347,0.5239221,0,5
53_3,8,1,8,0.6064913,0.5911612,0,0,2,0,2,0.54898894,0.53157973,0,8
289_8,8,1,8,0.6823503,0.6171047,0,0,8,0,8,0.4738972,0.52813536,9,7
294_26,8,1,8,0.6532255,0.6323549,0,0,4,0,4,0.39281422,0.55936205,9,7
31_4,8,1,8,0.62248504,0.595583,0,0,2,0,2,0.6162702,0.4020908,9,7
284_2,8,1,8,0.5684127,0.61971503,0,0,4,0,4,0.49440417,0.5421951,9,7
55_19,8,1,8,0.64002013,0.6579562,0,0,8,0,8,0.43844962,0.48235592,0,8
298_58,8,1,8,0.6327604,0.6152006,0,0,5,0,5,0.35414279,0.54009885,9,7
298_33,8,1,8,0.646768,0.60137373,0,0,8,0,8,0.42382637,0.4658019,9,7
332_2,8,1,8,0.5994727,0.6178297,0,0,8,0,8,0.45281297,0.50667435,1,2
11_13,8,1,8,0.6414572,0.58622247,0,0,2,0,2,0.48100078,0.46565557,0,8
115_9,8,1,8,0.62659717,0.6101226,0,0,8,0,8,0.4802367,0.4713921,1,2
99_9,8,1,8,0.6688535,0.62090296,0,0,1,0,1,0.43458313,0.4546622,0,0
55_7,8,1,8,0.6246944,0.6251363,0,0,2,0,2,0.46468878,0.46556038,0,8
5_17,8,1,8,0.6025669,0.60425526,0,0,8,0,8,0.5126035,0.5126985,5,6
320_12,8,1,8,0.6303867,0.65644515,0,0,8,0,8,0.47192565,0.5001903,1,2
335_9,8,1,8,0.6501476,0.614932,0,0,8,0,8,0.49017757,0.50448805,0,5
54_8,8,1,8,0.6326748,0.57762235,0,0,2,0,2,0.4581739,0.53860795,0,5
125_10,8,1,8,0.57462984,0.6219607,0,0,2,0,2,0.5647752,0.5154973,0,5
239_5,8,1,8,0.6216961,0.60173315,0,0,8,0,8,0.46615407,0.512109,5,6
298_32,8,1,8,0.64610654,0.5940898,0,0,3,0,3,0.4419096,0.54242,9,7
294_25,8,1,8,0.6504854,0.63326186,0,0,8,0,8,0.41010493,0.4725252,9,7
325_15,8,1,8,0.6042221,0.5624544,0,0,1,0,1,0.42386904,0.5796623,0,0
251_3,8,1,8,0.5642401,0.608282,0,0,8,0,8,0.43481144,0.4327375,5,6
27_6,8,1,8,0.56628925,0.6109818,0,0,2,0,2,0.5833132,0.49971637,0,5
53_5,8,1,8,0.6109911,0.60462767,0,0,8,0,8,0.5436515,0.48893893,0,8
45_9,8,1,8,0.65498155,0.62870604,0,0,2,0,2,0.5420009,0.57904065,0,8
99_10,8,1,8,0.6545145,0.5684412,0,0,8,0,8,0.54477227,0.5466743,0,0
27_9,8,1,8,0.558204,0.6270117,0,0,5,0,5,0.4645508,0.4420394,0,5
289_10,8,1,8,0.6004493,0.6464531,0,0,2,0,2,0.5122888,0.5195743,9,7
268_6,8,1,8,0.6464364,0.6402007,0,0,1,0,1,0.43039048,0.49467188,5,6
306_16,8,1,8,0.6723134,0.58812684,0,0,8,0,8,0.44943738,0.4765839,0,0
145_3,8,1,8,0.60113686,0.59995496,0,0,8,0,8,0.5245211,0.57122207,0,4
298_50,8,1,8,0.6426123,0.56116825,0,0,8,0,8,0.41216516,0.42875198,9,7
325_10,8,1,8,0.56264853,0.62143064,0,0,3,0,3,0.48766673,0.50223535,0,0
53_29,8,1,8,0.6145245,0.62314004,0,0,8,0,8,0.4501986,0.51858383,0,8
289_68,8,1,8,0.65511644,0.62699115,0,0,8,0,8,0.5178334,0.4774481,9,7
115_8,8,1,8,0.65816975,0.6280734,0,0,8,0,8,0.46489722,0.5405304,1,2
294_4,8,1,8,0.6180692,0.628084,0,0,8,0,8,0.46463293,0.49203566,9,7
54_12,8,1,8,0.6012902,0.6142212,0,0,2,0,2,0.5008023,0.41934252,0,5
254_1,8,1,8,0.6521548,0.63405555,0,0,8,0,8,0.47183895,0.5066112,0,4
31_8,8,1,8,0.6580387,0.5965108,0,0,2,0,2,0.55955815,0.4561956,9,7
325_44,8,1,8,0.628914,0.60683984,0,0,1,0,1,0.41868252,0.49668875,0,0
294_23,8,1,8,0.619041,0.6430083,0,0,8,0,8,0.47384328,0.56854147,9,7
44_14,8,1,8,0.65538424,0.63280267,0,0,8,0,8,0.50555444,0.56280684,0,4
86_27,8,1,8,0.64761645,0.59778863,0,0,8,0,8,0.42517406,0.4808904,0,9
70_10,8,1,8,0.62737244,0.6370706,0,0,8,0,8,0.42249805,0.5391882,0,8
131_5,8,1,8,0.6069639,0.61664456,0,0,8,0,8,0.48340422,0.40435934,0,5
298_22,8,1,8,0.65078574,0.6051832,0,0,3,0,3,0.4662515,0.5891217,9,7
99_3,8,1,8,0.6255914,0.5967632,0,0,8,0,8,0.5303642,0.55399966,0,0
53_35,8,1,8,0.61385036,0.5987149,0,0,8,0,8,0.4373145,0.488505,0,8
86_17,8,1,8,0.597842,0.60363775,0,0,8,0,8,0.45578414,0.53494096,0,9
289_17,8,1,8,0.5987184,0.61380905,0,0,8,0,8,0.4672076,0.50966513,9,7
289_66,8,1,8,0.6515443,0.60146517,0,0,8,0,8,0.49313688,0.59992105,9,7
70_24,8,1,8,0.61144876,0.5820764,0,0,8,0,8,0.4783759,0.55960864,0,8
306_13,8,1,8,0.65939337,0.59575516,0,0,1,0,1,0.43421614,0.5328007,0,0
53_19,8,1,8,0.63379115,0.5812308,0,0,8,0,8,0.3960355,0.4842225,0,8
289_41,8,1,8,0.65008974,0.6369937,0,0,8,0,8,0.49393386,0.53324056,9,7
294_15,8,1,8,0.67266035,0.5987758,0,0,8,0,8,0.41908556,0.51503325,9,7
325_14,8,1,8,0.5966613,0.58582157,0,0,1,0,1,0.40840542,0.5144205,0,0
77_4,8,1,8,0.63652354,0.6482658,0,0,2,0,2,0.5355473,0.4429182,9,7
320_11,8,1,8,0.60666126,0.622875,0,0,8,0,8,0.42990804,0.5604874,1,2
298_7,8,1,8,0.6537651,0.61202127,0,0,8,0,8,0.5057177,0.47467262,9,7
70_20,8,1,8,0.64918995,0.6217204,0,0,4,0,4,0.4556352,0.55536234,0,8
81_13,8,1,8,0.5785522,0.61676913,0,0,8,0,8,0.39258072,0.5563804,5,6
320_7,8,1,8,0.6161298,0.6016783,0,0,8,0,8,0.46861923,0.53502625,1,2
325_21,8,1,8,0.6271588,0.5828882,0,0,1,0,1,0.5309404,0.49246746,0,0
284_10,8,1,8,0.6240567,0.5802117,0,0,8,0,8,0.4845044,0.4120085,9,7
125_9,8,1,8,0.6299575,0.5998061,0,0,2,0,2,0.51477957,0.4609846,0,5
222_16,8,1,8,0.62797916,0.6100784,0,0,8,0,8,0.4725548,0.5517896,0,4
53_23,8,1,8,0.60370773,0.59647065,0,0,2,0,2,0.57783127,0.5203264,0,8
274_7,8,1,8,0.63643664,0.5768292,0,0,8,0,8,0.4090761,0.5171493,5,6
181_5,8,1,8,0.5627093,0.611581,0,0,3,0,3,0.40191478,0.52316844,0,0
53_44,8,1,8,0.5778779,0.6356799,0,0,8,0,8,0.44887012,0.5653943,0,8
154_5,8,1,8,0.6237386,0.59913844,0,0,8,0,8,0.523023,0.59543216,1,2
325_28,8,1,8,0.5922907,0.6036864,0,0,1,0,1,0.4781051,0.56462383,0,0
162_6,8,1,8,0.6068982,0.6454893,0,0,3,0,3,0.4522832,0.600801,0,0
298_2,8,1,8,0.66686803,0.62384266,0,0,8,0,8,0.44543839,0.53113663,9,7
289_13,8,1,8,0.64798295,0.6003793,0,0,8,0,8,0.44570422,0.44493893,9,7
81_9,8,1,8,0.6382384,0.60699755,0,0,2,0,2,0.506284,0.5238966,5,6
212_2,8,1,8,0.658579,0.6124397,0,0,8,0,8,0.44443914,0.5656708,5,6
294_33,8,1,8,0.6473269,0.63076335,0,0,8,0,8,0.42111284,0.46252358,9,7
294_43,8,1,8,0.6346859,0.5732356,0,0,8,0,8,0.414926,0.57404923,9,7
54_3,8,1,8,0.594733,0.5967712,0,0,2,0,2,0.536805,0.4040473,0,5
268_3,8,1,8,0.6141621,0.5678528,0,0,3,0,3,0.42511517,0.57086086,5,6
284_3,8,1,8,0.6123084,0.6112208,0,0,2,0,2,0.50327003,0.48054338,9,7
284_12,8,1,8,0.6071073,0.63375354,0,0,8,0,8,0.48266852,0.4904514,9,7
44_6,8,1,8,0.5668824,0.61445266,0,0,8,0,8,0.45382556,0.47192794,0,4
55_20,8,1,8,0.6247439,0.6493741,0,0,5,0,5,0.4847485,0.48028824,0,8
53_10,8,1,8,0.61033916,0.6303069,0,0,2,0,2,0.59861845,0.4762715,0,8
53_33,8,1,8,0.61814463,0.6230785,0,0,8,0,8,0.46372515,0.4696313,0,8
289_14,8,1,8,0.5683969,0.6347167,0,0,8,0,8,0.47562188,0.48600686,9,7
194_1,8,1,8,0.62795395,0.6175979,0,0,0,0,0,0.6489134,0.38549364,0,0
212_5,8,1,8,0.6565715,0.6623022,0,0,2,0,2,0.55042136,0.5546953,5,6
251_2,8,1,8,0.62372744,0.62965035,0,0,8,0,8,0.48909843,0.46844214,5,6
11_14,8,1,8,0.6193868,0.6182095,0,0,8,0,8,0.44830325,0.5730948,0,8
31_9,8,1,8,0.6414645,0.6176509,0,0,8,0,8,0.4862339,0.5232084,9,7
86_26,8,1,8,0.59853846,0.6085573,0,0,8,0,8,0.44007435,0.48625207,0,9
145_4,8,1,8,0.67326605,0.61450833,0,0,8,0,8,0.54971063,0.5174042,0,4
294_34,8,1,8,0.6020588,0.5703715,0,0,8,0,8,0.4059238,0.5040655,9,7
81_7,8,1,8,0.6078384,0.60913545,0,0,8,0,8,0.59451884,0.4493677,5,6
5_2,8,1,8,0.62930954,0.60779357,0,0,8,0,8,0.5040629,0.5033724,5,6
159_2,8,1,8,0.617851,0.61240107,0,0,8,0,8,0.45609412,0.46798778,0,0
159_7,8,1,8,0.62882495,0.60328686,0,0,8,0,8,0.37829223,0.5092278,0,0
289_9,8,1,8,0.59762645,0.62231994,0,0,8,0,8,0.43991375,0.50890654,9,7
325_26,8,1,8,0.6576059,0.5780435,0,0,1,0,1,0.45049858,0.49684137,0,0
55_4,8,1,8,0.6043137,0.6008368,0,0,5,0,5,0.4757656,0.48251063,0,8
44_25,8,1,8,0.63614696,0.6271215,0,0,2,0,2,0.5577954,0.48541057,0,4
100_4,8,1,8,0.6412569,0.5887051,0,0,8,0,8,0.45898435,0.55438805,0,1
81_17,8,1,8,0.6733079,0.6350039,0,0,8,0,8,0.5131443,0.53613317,5,6
27_3,8,1,8,0.54716885,0.61341614,0,0,2,0,2,0.4955936,0.50099176,0,5
298_54,8,1,8,0.657268,0.5928457,0,0,5,0,5,0.48690164,0.5259326,9,7
325_54,8,1,8,0.6289113,0.6240898,0,0,1,0,1,0.4396387,0.572219,0,0
294_37,8,1,8,0.6244218,0.6219979,0,0,8,0,8,0.37060928,0.556531,9,7
125_1,8,1,8,0.62516636,0.60475785,0,0,8,0,8,0.4393841,0.4559536,0,5
306_15,8,1,8,0.64402676,0.61661965,0,0,8,0,8,0.4391395,0.45451185,0,0
53_46,8,1,8,0.6217153,0.6042687,0,0,8,0,8,0.48307496,0.5422492,0,8
320_17,8,1,8,0.644352,0.61526185,0,0,1,0,1,0.39482948,0.52750427,1,2
335_8,8,1,8,0.6330165,0.6309015,0,0,8,0,8,0.5118958,0.4777757,0,5
222_5,8,1,8,0.5918233,0.60493016,0,0,2,0,2,0.5846118,0.57118326,0,4
99_6,8,1,8,0.63746214,0.6041259,0,0,2,0,2,0.5682317,0.49342042,0,0
53_16,8,1,8,0.5993354,0.6287345,0,0,8,0,8,0.48634687,0.46438998,0,8
308_9,8,1,8,0.6270441,0.5746326,0,0,2,0,2,0.5548575,0.45377368,9,7
181_4,8,1,8,0.5894476,0.6246066,0,0,8,0,8,0.46404785,0.55464023,0,0
289_57,8,1,8,0.6352472,0.60791266,0,0,8,0,8,0.49860436,0.5026481,9,7
323_3,8,1,8,0.60602653,0.60859853,0,0,8,0,8,0.567999,0.5967356,1,2
289_31,8,1,8,0.6489414,0.62526786,0,0,8,0,8,0.4801004,0.49284506,9,7
289_34,8,1,8,0.62172824,0.5726487,0,0,2,0,2,0.52784485,0.4987321,9,7
15_6,8,1,8,0.6420832,0.6164209,0,0,8,0,8,0.47667307,0.35,0,8
306_17,8,1,8,0.65103626,0.5818009,0,0,8,0,8,0.4018757,0.47392815,0,0
298_24,8,1,8,0.6501737,0.6026431,0,0,2,0,2,0.50018424,0.43492267,9,7
252_1,8,1,8,0.5995895,0.60526717,0,0,8,0,8,0.44393867,0.49715206,0,4
27_18,8,1,8,0.5669776,0.6248247,0,0,2,0,2,0.6152486,0.46642384,0,5
289_56,8,1,8,0.6460539,0.63203824,0,0,8,0,8,0.48981547,0.5201036,9,7
325_46,8,1,8,0.6621527,0.6096683,0,0,1,0,1,0.4503622,0.4800158,0,0
54_4,8,1,8,0.5994178,0.60963255,0,0,8,0,8,0.47006387,0.44688,0,5
325_56,8,1,8,0.60298234,0.6308512,0,0,2,0,2,0.46170878,0.56938505,0,0
45_2,8,1,8,0.6255702,0.58996266,0,0,0,0,0,0.4613932,0.51857394,0,8
274_4,8,1,8,0.6342131,0.62497014,0,0,8,0,8,0.47492644,0.6000198,5,6
251_1,8,1,8,0.62478507,0.6151659,0,0,8,0,8,0.50586236,0.4763112,5,6
298_30,8,1,8,0.66385853,0.61496,0,0,1,0,1,0.422002,0.55250776,9,7
298_10,8,1,8,0.6507573,0.6117315,0,0,2,0,2,0.5380939,0.43743002,9,7
53_4,8,1,8,0.6142183,0.6345827,0,0,2,0,2,0.5357332,0.5144673,0,8
150_2,8,1,8,0.61514866,0.64353174,0,0,8,0,8,0.44816002,0.51557773,1,2
86_31,8,1,8,0.636152,0.5927461,0,0,8,0,8,0.43574846,0.53599,0,9
53_47,8,1,8,0.6444023,0.62394136,0,0,8,0,8,0.4511568,0.5463643,0,8
289_6,8,1,8,0.6435606,0.5894105,0,0,8,0,8,0.45809463,0.5051271,9,7
306_14,8,1,8,0.6335907,0.6343029,0,0,1,0,1,0.44497275,0.56116986,0,0
70_29,8,1,8,0.64706314,0.6259628,0,0,2,0,2,0.5066841,0.47243032,0,8
289_60,8,1,8,0.6644373,0.61510056,0,0,8,0,8,0.5278581,0.5480771,9,7
306_10,8,1,8,0.66811156,0.5970859,0,0,1,0,1,0.44643152,0.4697709,0,0
86_47,8,1,8,0.5579458,0.6300649,0,0,8,0,8,0.4897155,0.5049621,0,9
70_14,8,1,8,0.5971361,0.6273851,0,0,2,0,2,0.4701652,0.5558477,0,8
54_17,8,1,8,0.6251956,0.61832863,0,0,8,0,8,0.43683293,0.37421504,0,5
222_11,8,1,8,0.6272223,0.6177978,0,0,2,0,2,0.488264,0.5038071,0,4
298_36,8,1,8,0.63476586,0.63866943,0,0,1,0,1,0.4758705,0.546092,9,7
289_28,8,1,8,0.5918589,0.61272734,0,0,8,0,8,0.48000956,0.56956136,9,7
157_7,8,1,8,0.6233832,0.6040569,0,0,8,0,8,0.3978827,0.51561534,0,0
298_59,8,1,8,0.648846,0.61384684,0,0,8,0,8,0.38975796,0.5134449,9,7
55_21,8,1,8,0.65266114,0.67815566,0,0,8,0,8,0.4212419,0.5012341,0,8
11_8,8,1,8,0.6148009,0.6007877,0,0,2,0,2,0.5083663,0.55844736,0,8
325_9,8,1,8,0.6408821,0.5930973,0,0,3,0,3,0.47053537,0.5700699,0,0
298_1,8,1,8,0.6693848,0.59985846,0,0,2,0,2,0.5442808,0.5409961,9,7
325_42,8,1,8,0.57267195,0.60737544,0,0,1,0,1,0.4361647,0.44354934,0,0
332_1,8,1,8,0.54777825,0.62315375,0,0,8,0,8,0.5594704,0.5751285,1,2
53_1,8,1,8,0.5922853,0.6191116,0,0,2,0,2,0.6129675,0.5265971,0,8
294_1,8,1,8,0.6453849,0.6116716,0,0,8,0,8,0.4460358,0.5114542,9,7
11_3,8,1,8,0.6273485,0.6113662,0,0,8,0,8,0.48446733,0.4977303,0,8
70_23,8,1,8,0.6316686,0.64688003,0,0,1,0,1,0.41492742,0.5853312,0,8
298_45,8,1,8,0.6589669,0.58260167,0,0,5,0,5,0.52350616,0.54966354,9,7
27_5,8,1,8,0.57140636,0.62515694,0,0,2,0,2,0.56320685,0.38598198,0,5
298_3,8,1,8,0.6464701,0.6041742,0,0,8,0,8,0.40059572,0.49386185,9,7
209_8,8,1,8,0.66877353,0.6448456,0,0,8,0,8,0.45939302,0.47348213,0,1
289_35,8,1,8,0.6610531,0.62749606,0,0,8,0,8,0.4664671,0.538947,9,7
11_11,8,1,8,0.649291,0.59080344,0,0,2,0,2,0.5048555,0.5989793,0,8
53_34,8,1,8,0.6506939,0.5920978,0,0,8,0,8,0.48007628,0.44280618,0,8
294_2,8,1,8,0.6173076,0.6238594,0,0,8,0,8,0.44442236,0.57705593,9,7
306_21,8,1,8,0.65361005,0.61111957,0,0,8,0,8,0.4486448,0.45933166,0,0
289_61,8,1,8,0.65771514,0.6143485,0,0,8,0,8,0.50374377,0.45202053,9,7
222_18,8,1,8,0.5599273,0.6130553,0,0,8,0,8,0.43787473,0.532463,0,4
44_9,8,1,8,0.6204842,0.60652703,0,0,2,0,2,0.5330016,0.50211906,0,4
298_19,8,1,8,0.64605033,0.597006,0,0,5,0,5,0.4403252,0.5407362,9,7
298_25,8,1,8,0.65973735,0.61039525,0,0,3,0,3,0.4394194,0.4434162,9,7
179_4,8,1,8,0.6142061,0.6032633,0,0,8,0,8,0.4582511,0.5122267,0,4
294_31,8,1,8,0.6417358,0.613766,0,0,3,0,3,0.46630433,0.4869041,9,7
325_32,8,1,8,0.6375993,0.5797462,0,0,1,0,1,0.43157947,0.5148448,0,0
298_5,8,1,8,0.6469202,0.5645328,0,0,5,0,5,0.46210068,0.5149057,9,7
306_2,8,1,8,0.6523383,0.6165163,0,0,8,0,8,0.47326577,0.4261463,0,0
222_12,8,1,8,0.6343534,0.6058501,0,0,8,0,8,0.50536335,0.54924285,0,4
44_13,8,1,8,0.579841,0.6075663,0,0,8,0,8,0.53838176,0.52547395,0,4
27_4,8,1,8,0.5705109,0.6221799,0,0,2,0,2,0.56205386,0.44258028,0,5
11_2,8,1,8,0.62187266,0.5822546,0,0,8,0,8,0.4719386,0.44645363,0,8
320_1,8,1,8,0.608452,0.5942622,0,0,8,0,8,0.50788444,0.51119506,1,2
11_12,8,1,8,0.6156756,0.6025511,0,0,2,0,2,0.43987197,0.5816573,0,8
70_8,8,1,8,0.6535306,0.5986139,0,0,1,0,1,0.422281,0.52386165,0,8
289_2,8,1,8,0.6315654,0.5856729,0,0,2,0,2,0.5015313,0.4768886,9,7
298_42,8,1,8,0.6440409,0.6078661,0,0,8,0,8,0.4444757,0.6388067,9,7
335_1,8,1,8,0.64405614,0.62496215,0,0,8,0,8,0.581331,0.6087413,0,5
